Coletânea,UF,Participantes,Compradores,PorcentagemCompradores,LivrosVendidos,Total
7ª Coletânea de Poemas-Sonetos-Cordéis,BA,2.0,2.0,1.0,8.0,381.64
7ª Coletânea de Poemas-Sonetos-Cordéis,DF,2.0,2.0,1.0,18.0,791.03
7ª Coletânea de Poemas-Sonetos-Cordéis,ES,1.0,1.0,1.0,1.0,58.0
7ª Coletânea de Poemas-Sonetos-Cordéis,GO,2.0,2.0,1.0,31.0,1258.01
7ª Coletânea de Poemas-Sonetos-Cordéis,MA,2.0,2.0,1.0,2.0,116.0
7ª Coletânea de Poemas-Sonetos-Cordéis,MG,3.0,3.0,1.0,3.0,174.05
7ª Coletânea de Poemas-Sonetos-Cordéis,PA,1.0,1.0,1.0,1.0,58.0
7ª Coletânea de Poemas-Sonetos-Cordéis,PB,2.0,2.0,1.0,2.0,116.0
7ª Coletânea de Poemas-Sonetos-Cordéis,PE,1.0,1.0,1.0,2.0,107.21000000000001
7ª Coletânea de Poemas-Sonetos-Cordéis,RJ,4.0,4.0,1.0,9.0,463.40000000000003
7ª Coletânea de Poemas-Sonetos-Cordéis,RN,1.0,1.0,1.0,1.0,58.0
7ª Coletânea de Poemas-Sonetos-Cordéis,RS,1.0,1.0,1.0,3.0,145.35
7ª Coletânea de Poemas-Sonetos-Cordéis,SC,3.0,3.0,1.0,11.0,513.34
7ª Coletânea de Poemas-Sonetos-Cordéis,SE,1.0,1.0,1.0,1.0,58.0
7ª Coletânea de Poemas-Sonetos-Cordéis,SP,15.0,15.0,1.0,24.0,1182.01
7ª Coletânea de Poemas-Sonetos-Cordéis,TO,2.0,2.0,1.0,2.0,116.08
A força da Amizade,DF,2.0,2.0,1.0,4.0,171.75
A força da Amizade,ES,1.0,1.0,1.0,1.0,51.05
A força da Amizade,MG,5.0,5.0,1.0,7.0,324.85
A força da Amizade,PE,1.0,1.0,1.0,1.0,51.03
A força da Amizade,RJ,2.0,2.0,1.0,4.0,179.67000000000002
A força da Amizade,RN,1.0,1.0,1.0,2.0,98.65
A força da Amizade,RS,1.0,1.0,1.0,3.0,120.75
A força da Amizade,SC,1.0,1.0,1.0,10.0,366.27
A força da Amizade,SP,13.0,13.0,1.0,26.0,1068.7
A força da Amizade,TO,1.0,1.0,1.0,1.0,51.010000000000005
A força da Amizade,rs,1.0,1.0,1.0,2.0,87.75
Aconteceu na Olimpíada,MA,1.0,1.0,1.0,1.0,111.34
Aconteceu na Olimpíada,MG,4.0,4.0,1.0,11.0,363.73
Aconteceu na Olimpíada,RJ,1.0,1.0,1.0,1.0,46.96
Aconteceu na Olimpíada,SP,5.0,5.0,1.0,8.0,275.67
Aconteceu num Carnaval,BA,1.0,1.0,1.0,1.0,59.6
Aconteceu num Carnaval,DF,1.0,1.0,1.0,1.0,59.65
Aconteceu num Carnaval,ES,1.0,1.0,1.0,1.0,59.6
Aconteceu num Carnaval,MG,6.0,6.0,1.0,8.0,441.95
Aconteceu num Carnaval,RJ,9.0,9.0,1.0,21.0,1064.49
Aconteceu num Carnaval,RN,1.0,1.0,1.0,3.0,155.85
Aconteceu num Carnaval,SC,2.0,2.0,1.0,3.0,162.79
Aconteceu num Carnaval,SP,16.0,16.0,1.0,34.0,1603.06
Aconteceu num Carnaval,TO,2.0,2.0,1.0,4.0,221.01999999999998
Carta para uma Mãe,BA,1.0,1.0,1.0,3.0,130.8
Carta para uma Mãe,DF,1.0,1.0,1.0,2.0,91.75
Carta para uma Mãe,ES,1.0,1.0,1.0,3.0,126.75
Carta para uma Mãe,MA,1.0,1.0,1.0,1.0,216.57999999999998
Carta para uma Mãe,MG,6.0,6.0,1.0,11.0,680.24
Carta para uma Mãe,MT,1.0,1.0,1.0,1.0,54.6
Carta para uma Mãe,PB,1.0,1.0,1.0,1.0,54.6
Carta para uma Mãe,PE,1.0,1.0,1.0,3.0,132.2
Carta para uma Mãe,PR,1.0,1.0,1.0,1.0,54.6
Carta para uma Mãe,RJ,2.0,2.0,1.0,3.0,154.12
Carta para uma Mãe,RO,1.0,1.0,1.0,1.0,54.6
Carta para uma Mãe,SC,3.0,3.0,1.0,18.0,711.19
Carta para uma Mãe,SP,17.0,17.0,1.0,36.0,1523.78
Carta para uma Mãe,TO,1.0,1.0,1.0,2.0,97.21000000000001
Centenario Millor,AP,1.0,1.0,1.0,3.0,137.64
Centenario Millor,CE,1.0,1.0,1.0,1.0,53.03
Centenario Millor,MA,1.0,1.0,1.0,1.0,53.010000000000005
Centenario Millor,MG,4.0,4.0,1.0,8.0,361.66
Centenario Millor,MT,1.0,1.0,1.0,1.0,53.03
Centenario Millor,PR,1.0,1.0,1.0,1.0,53.05
Centenario Millor,RJ,8.0,8.0,1.0,37.0,1469.49
Centenario Millor,RN,1.0,1.0,1.0,6.0,245.85
Centenario Millor,RS,1.0,1.0,1.0,3.0,128.19
Centenario Millor,SC,2.0,2.0,1.0,11.0,439.27
Centenario Millor,SP,10.0,10.0,1.0,16.0,714.21
Centenário do Dia da Criança,BA,2.0,2.0,1.0,17.0,629.13
Centenário do Dia da Criança,MG,5.0,5.0,1.0,18.0,710.29
Centenário do Dia da Criança,MT,1.0,1.0,1.0,1.0,52.6
Centenário do Dia da Criança,RJ,5.0,5.0,1.0,10.0,451.05
Centenário do Dia da Criança,RN,1.0,1.0,1.0,1.0,52.6
Centenário do Dia da Criança,RS,1.0,1.0,1.0,5.0,190.34
Centenário do Dia da Criança,SC,2.0,2.0,1.0,5.0,209.94
Centenário do Dia da Criança,SP,7.0,7.0,1.0,9.0,408.02
Centenário do Dia da Criança,TO,1.0,1.0,1.0,1.0,52.6
Clima Extremo,AC,1.0,1.0,1.0,2.0,109.15
Clima Extremo,DF,1.0,1.0,1.0,1.0,56.75
Clima Extremo,MG,5.0,5.0,1.0,10.0,460.95
Clima Extremo,MT,1.0,1.0,1.0,1.0,54.6
Clima Extremo,PR,3.0,3.0,1.0,6.0,274.57
Clima Extremo,RJ,5.0,5.0,1.0,21.0,863.02
Clima Extremo,RN,3.0,3.0,1.0,4.0,211.85000000000002
Clima Extremo,RS,3.0,3.0,1.0,9.0,382.46000000000004
Clima Extremo,SC,1.0,1.0,1.0,1.0,54.61
Clima Extremo,SP,4.0,4.0,1.0,4.0,197.76
Clima Extremo,TO,1.0,1.0,1.0,1.0,54.65
Contos de Mistério e Suspense,BA,1.0,1.0,1.0,3.0,222.21
Contos de Mistério e Suspense,DF,2.0,2.0,1.0,6.0,285.65999999999997
Contos de Mistério e Suspense,ES,1.0,1.0,1.0,3.0,145.37
Contos de Mistério e Suspense,MG,2.0,2.0,1.0,4.0,203.38
Contos de Mistério e Suspense,PE,1.0,1.0,1.0,2.0,107.22
Contos de Mistério e Suspense,PR,3.0,3.0,1.0,9.0,428.77
Contos de Mistério e Suspense,RJ,3.0,3.0,1.0,26.0,1148.85
Contos de Mistério e Suspense,RS,4.0,4.0,1.0,8.0,403.84
Contos de Mistério e Suspense,SC,2.0,2.0,1.0,18.0,804.0
Contos de Mistério e Suspense,SP,13.0,13.0,1.0,36.0,1654.05
Contos de Mistério e Suspense,TO,1.0,1.0,1.0,1.0,371.71000000000004
Lembranças de Família,BA,3.0,3.0,1.0,6.0,310.61
Lembranças de Família,CE,1.0,1.0,1.0,1.0,58.03
Lembranças de Família,DF,2.0,2.0,1.0,2.0,116.01
Lembranças de Família,ES,3.0,3.0,1.0,10.0,471.94
Lembranças de Família,MA,1.0,1.0,1.0,1.0,58.0
Lembranças de Família,MG,7.0,7.0,1.0,12.0,625.94
Lembranças de Família,MS,1.0,1.0,1.0,3.0,143.9
Lembranças de Família,PB,1.0,1.0,1.0,1.0,58.07
Lembranças de Família,PE,1.0,1.0,1.0,3.0,149.87
Lembranças de Família,PI,1.0,1.0,1.0,1.0,58.09
Lembranças de Família,PR,3.0,3.0,1.0,3.0,174.03
Lembranças de Família,RJ,7.0,7.0,1.0,25.0,1199.17
Lembranças de Família,RN,1.0,1.0,1.0,2.0,112.65
Lembranças de Família,RS,1.0,1.0,1.0,3.0,145.34
Lembranças de Família,SC,1.0,1.0,1.0,10.0,436.27
Lembranças de Família,SP,18.0,18.0,1.0,40.0,1955.54
Lembranças de Família,TO,2.0,2.0,1.0,6.0,299.74
"Livros, Autores e Estilos",BA,1.0,1.0,1.0,1.0,51.03
"Livros, Autores e Estilos",DF,1.0,1.0,1.0,1.0,51.0
"Livros, Autores e Estilos",ES,1.0,1.0,1.0,1.0,51.0
"Livros, Autores e Estilos",MG,2.0,2.0,1.0,5.0,208.34
"Livros, Autores e Estilos",PB,2.0,2.0,1.0,4.0,182.64
"Livros, Autores e Estilos",RN,1.0,1.0,1.0,5.0,200.85
"Livros, Autores e Estilos",SP,11.0,11.0,1.0,23.0,929.92
"Livros, Autores e Estilos",TO,1.0,1.0,1.0,1.0,51.05
Meu Escritor Favorito,AP,1.0,1.0,1.0,2.0,102.64
Meu Escritor Favorito,BA,2.0,2.0,1.0,4.0,187.81
Meu Escritor Favorito,ES,1.0,1.0,1.0,1.0,54.61
Meu Escritor Favorito,MA,1.0,1.0,1.0,1.0,140.34
Meu Escritor Favorito,MG,6.0,6.0,1.0,7.0,366.2
Meu Escritor Favorito,MS,1.0,1.0,1.0,3.0,126.75
Meu Escritor Favorito,MT,1.0,1.0,1.0,1.0,54.6
Meu Escritor Favorito,PR,2.0,2.0,1.0,6.0,254.95999999999998
Meu Escritor Favorito,RJ,3.0,3.0,1.0,4.0,209.63
Meu Escritor Favorito,RS,1.0,1.0,1.0,3.0,128.91
Meu Escritor Favorito,SC,2.0,2.0,1.0,6.0,254.94
Meu Escritor Favorito,SP,8.0,8.0,1.0,10.0,472.84
Natal dos Sonhos,BA,1.0,1.0,1.0,1.0,54.010000000000005
Natal dos Sonhos,ES,1.0,1.0,1.0,7.0,280.56
Natal dos Sonhos,MA,1.0,1.0,1.0,1.0,54.09
Natal dos Sonhos,MG,3.0,3.0,1.0,6.0,282.53
Natal dos Sonhos,MT,1.0,1.0,1.0,2.0,97.81
Natal dos Sonhos,PR,1.0,1.0,1.0,1.0,54.0
Natal dos Sonhos,RJ,3.0,3.0,1.0,5.0,243.99
Natal dos Sonhos,RN,1.0,1.0,1.0,1.0,136.95
Natal dos Sonhos,RS,1.0,1.0,1.0,3.0,131.91
Natal dos Sonhos,SC,2.0,2.0,1.0,2.0,108.04
Natal dos Sonhos,SP,13.0,13.0,1.0,26.0,1144.88
Natal dos Sonhos,TO,1.0,1.0,1.0,25.0,900.0
Nossos Dons,BA,1.0,1.0,1.0,1.0,51.010000000000005
Nossos Dons,MG,3.0,3.0,1.0,4.0,191.29
Nossos Dons,PR,2.0,2.0,1.0,11.0,413.7
Nossos Dons,RJ,3.0,3.0,1.0,6.0,272.85
Nossos Dons,RN,2.0,2.0,1.0,4.0,182.72
Nossos Dons,SC,5.0,5.0,1.0,15.0,605.01
Nossos Dons,SP,11.0,11.0,1.0,22.0,891.3299999999999
Nossos Dons,TO,1.0,1.0,1.0,1.0,51.07
Nossos Pais,DF,3.0,3.0,1.0,5.0,238.10999999999999
Nossos Pais,ES,1.0,1.0,1.0,1.0,54.6
Nossos Pais,MG,6.0,6.0,1.0,9.0,442.02
Nossos Pais,MS,1.0,1.0,1.0,4.0,165.35
Nossos Pais,MT,1.0,1.0,1.0,1.0,54.6
Nossos Pais,PR,1.0,1.0,1.0,3.0,130.35
Nossos Pais,RJ,5.0,5.0,1.0,9.0,431.92
Nossos Pais,RN,1.0,1.0,1.0,1.0,54.6
Nossos Pais,RS,1.0,1.0,1.0,1.0,54.6
Nossos Pais,SP,11.0,11.0,1.0,26.0,1091.42
Racismo. Até quando,BA,1.0,1.0,1.0,1.0,55.8
Racismo. Até quando,ES,1.0,1.0,1.0,1.0,55.8
Racismo. Até quando,MA,1.0,1.0,1.0,1.0,55.83
Racismo. Até quando,MG,2.0,2.0,1.0,2.0,111.6
Racismo. Até quando,PE,1.0,1.0,1.0,10.0,431.97
Racismo. Até quando,PR,1.0,1.0,1.0,3.0,138.75
Racismo. Até quando,RJ,3.0,3.0,1.0,8.0,385.28999999999996
Racismo. Até quando,RN,1.0,1.0,1.0,1.0,56.67
Racismo. Até quando,SC,1.0,1.0,1.0,1.0,55.8
Racismo. Até quando,SP,10.0,10.0,1.0,24.0,1068.56
Revisitando o Passado,BA,2.0,2.0,1.0,6.0,287.8
Revisitando o Passado,CE,1.0,1.0,1.0,1.0,59.6
Revisitando o Passado,DF,2.0,2.0,1.0,2.0,119.2
Revisitando o Passado,ES,2.0,2.0,1.0,2.0,119.2
Revisitando o Passado,GO,1.0,1.0,1.0,1.0,59.6
Revisitando o Passado,MG,5.0,5.0,1.0,6.0,341.75
Revisitando o Passado,MS,1.0,1.0,1.0,5.0,225.34
Revisitando o Passado,PB,2.0,2.0,1.0,2.0,119.2
Revisitando o Passado,RJ,3.0,3.0,1.0,5.0,267.16
Revisitando o Passado,RN,1.0,1.0,1.0,1.0,59.6
Revisitando o Passado,RO,1.0,1.0,1.0,1.0,59.6
Revisitando o Passado,RS,2.0,2.0,1.0,7.0,329.25
Revisitando o Passado,SC,3.0,3.0,1.0,10.0,475.62
Revisitando o Passado,SE,1.0,1.0,1.0,1.0,59.6
Revisitando o Passado,SP,11.0,11.0,1.0,21.0,1009.3
Revisitando o Passado,TO,1.0,1.0,1.0,4.0,189.87
Saudade Eterna,BA,1.0,1.0,1.0,3.0,146.77
Saudade Eterna,CE,1.0,1.0,1.0,2.0,107.21000000000001
Saudade Eterna,DF,2.0,2.0,1.0,2.0,116.0
Saudade Eterna,ES,2.0,2.0,1.0,5.0,241.9
Saudade Eterna,GO,2.0,2.0,1.0,4.0,203.34
Saudade Eterna,MA,1.0,1.0,1.0,1.0,58.010000000000005
Saudade Eterna,MG,6.0,6.0,1.0,8.0,433.98
Saudade Eterna,MS,1.0,1.0,1.0,4.0,183.91
Saudade Eterna,PB,1.0,1.0,1.0,1.0,58.0
Saudade Eterna,PR,5.0,5.0,1.0,10.0,504.69
Saudade Eterna,RJ,3.0,3.0,1.0,5.0,243.98000000000002
Saudade Eterna,RN,2.0,2.0,1.0,6.0,300.83
Saudade Eterna,RS,3.0,3.0,1.0,9.0,431.91999999999996
Saudade Eterna,SC,3.0,3.0,1.0,8.0,386.01
Saudade Eterna,SP,14.0,14.0,1.0,32.0,1506.1499999999999
Saudade Eterna,TO,1.0,1.0,1.0,1.0,58.05
Segredos,AL,1.0,1.0,1.0,1.0,57.010000000000005
Segredos,AM,1.0,1.0,1.0,1.0,118.64
Segredos,BA,4.0,4.0,1.0,8.0,401.54
Segredos,DF,3.0,3.0,1.0,24.0,1138.57
Segredos,ES,1.0,1.0,1.0,2.0,101.19
Segredos,MA,1.0,1.0,1.0,1.0,142.0
Segredos,MG,3.0,3.0,1.0,4.0,215.21
Segredos,PE,1.0,1.0,1.0,1.0,57.0
Segredos,PR,1.0,1.0,1.0,1.0,57.0
Segredos,RJ,6.0,6.0,1.0,16.0,779.47
Segredos,RN,1.0,1.0,1.0,1.0,57.0
Segredos,RS,1.0,1.0,1.0,3.0,142.34
Segredos,SC,1.0,1.0,1.0,10.0,426.27
Segredos,SP,16.0,16.0,1.0,32.0,1510.3799999999999
Simplesmente Amor,BA,4.0,4.0,1.0,9.0,444.66
Simplesmente Amor,CE,1.0,1.0,1.0,1.0,57.05
Simplesmente Amor,DF,2.0,2.0,1.0,6.0,275.98
Simplesmente Amor,ES,1.0,1.0,1.0,5.0,218.91
Simplesmente Amor,MA,2.0,2.0,1.0,2.0,114.25999999999999
Simplesmente Amor,MG,8.0,8.0,1.0,14.0,711.26
Simplesmente Amor,MT,2.0,2.0,1.0,2.0,177.32
Simplesmente Amor,PE,3.0,3.0,1.0,7.0,368.81
Simplesmente Amor,PR,4.0,4.0,1.0,12.0,866.52
Simplesmente Amor,RJ,4.0,4.0,1.0,6.0,329.28
Simplesmente Amor,RN,2.0,2.0,1.0,4.0,240.0
Simplesmente Amor,SC,2.0,2.0,1.0,4.0,199.5
Simplesmente Amor,SP,18.0,18.0,1.0,40.0,1814.56
Simplesmente Amor,TO,3.0,3.0,1.0,8.0,590.13
Simplesmente Amor,sp,1.0,1.0,1.0,3.0,136.25
Todas as Formas de Amor,BA,6.0,6.0,1.0,12.0,621.08
Todas as Formas de Amor,DF,1.0,1.0,1.0,2.0,101.77
Todas as Formas de Amor,ES,1.0,1.0,1.0,1.0,59.6
Todas as Formas de Amor,MG,7.0,7.0,1.0,13.0,674.8199999999999
Todas as Formas de Amor,MT,1.0,1.0,1.0,1.0,59.6
Todas as Formas de Amor,PR,3.0,3.0,1.0,11.0,517.1
Todas as Formas de Amor,RJ,8.0,8.0,1.0,11.0,689.19
Todas as Formas de Amor,RN,3.0,3.0,1.0,4.0,231.94
Todas as Formas de Amor,RO,1.0,1.0,1.0,1.0,59.6
Todas as Formas de Amor,RS,1.0,1.0,1.0,1.0,59.61
Todas as Formas de Amor,SE,2.0,2.0,1.0,2.0,119.22999999999999
Todas as Formas de Amor,SP,23.0,23.0,1.0,52.0,2432.15
Todas as Formas de Amor,TO,2.0,2.0,1.0,2.0,119.28
7ª Coletânea de Poemas-Sonetos-Cordéis,AC,0.0,0.0,0.0,0.0,0.0
7ª Coletânea de Poemas-Sonetos-Cordéis,AL,0.0,0.0,0.0,0.0,0.0
7ª Coletânea de Poemas-Sonetos-Cordéis,AP,0.0,0.0,0.0,0.0,0.0
7ª Coletânea de Poemas-Sonetos-Cordéis,AM,0.0,0.0,0.0,0.0,0.0
7ª Coletânea de Poemas-Sonetos-Cordéis,CE,0.0,0.0,0.0,0.0,0.0
7ª Coletânea de Poemas-Sonetos-Cordéis,MT,0.0,0.0,0.0,0.0,0.0
7ª Coletânea de Poemas-Sonetos-Cordéis,MS,0.0,0.0,0.0,0.0,0.0
7ª Coletânea de Poemas-Sonetos-Cordéis,PR,0.0,0.0,0.0,0.0,0.0
7ª Coletânea de Poemas-Sonetos-Cordéis,PI,0.0,0.0,0.0,0.0,0.0
7ª Coletânea de Poemas-Sonetos-Cordéis,RO,0.0,0.0,0.0,0.0,0.0
7ª Coletânea de Poemas-Sonetos-Cordéis,RR,0.0,0.0,0.0,0.0,0.0
A força da Amizade,AC,0.0,0.0,0.0,0.0,0.0
A força da Amizade,AL,0.0,0.0,0.0,0.0,0.0
A força da Amizade,AP,0.0,0.0,0.0,0.0,0.0
A força da Amizade,AM,0.0,0.0,0.0,0.0,0.0
A força da Amizade,BA,0.0,0.0,0.0,0.0,0.0
A força da Amizade,CE,0.0,0.0,0.0,0.0,0.0
A força da Amizade,GO,0.0,0.0,0.0,0.0,0.0
A força da Amizade,MA,0.0,0.0,0.0,0.0,0.0
A força da Amizade,MT,0.0,0.0,0.0,0.0,0.0
A força da Amizade,MS,0.0,0.0,0.0,0.0,0.0
A força da Amizade,PA,0.0,0.0,0.0,0.0,0.0
A força da Amizade,PB,0.0,0.0,0.0,0.0,0.0
A força da Amizade,PR,0.0,0.0,0.0,0.0,0.0
A força da Amizade,PI,0.0,0.0,0.0,0.0,0.0
A força da Amizade,RO,0.0,0.0,0.0,0.0,0.0
A força da Amizade,RR,0.0,0.0,0.0,0.0,0.0
A força da Amizade,SE,0.0,0.0,0.0,0.0,0.0
Aconteceu na Olimpíada,AC,0.0,0.0,0.0,0.0,0.0
Aconteceu na Olimpíada,AL,0.0,0.0,0.0,0.0,0.0
Aconteceu na Olimpíada,AP,0.0,0.0,0.0,0.0,0.0
Aconteceu na Olimpíada,AM,0.0,0.0,0.0,0.0,0.0
Aconteceu na Olimpíada,BA,0.0,0.0,0.0,0.0,0.0
Aconteceu na Olimpíada,CE,0.0,0.0,0.0,0.0,0.0
Aconteceu na Olimpíada,DF,0.0,0.0,0.0,0.0,0.0
Aconteceu na Olimpíada,ES,0.0,0.0,0.0,0.0,0.0
Aconteceu na Olimpíada,GO,0.0,0.0,0.0,0.0,0.0
Aconteceu na Olimpíada,MT,0.0,0.0,0.0,0.0,0.0
Aconteceu na Olimpíada,MS,0.0,0.0,0.0,0.0,0.0
Aconteceu na Olimpíada,PA,0.0,0.0,0.0,0.0,0.0
Aconteceu na Olimpíada,PB,0.0,0.0,0.0,0.0,0.0
Aconteceu na Olimpíada,PR,0.0,0.0,0.0,0.0,0.0
Aconteceu na Olimpíada,PE,0.0,0.0,0.0,0.0,0.0
Aconteceu na Olimpíada,PI,0.0,0.0,0.0,0.0,0.0
Aconteceu na Olimpíada,RN,0.0,0.0,0.0,0.0,0.0
Aconteceu na Olimpíada,RS,0.0,0.0,0.0,0.0,0.0
Aconteceu na Olimpíada,RO,0.0,0.0,0.0,0.0,0.0
Aconteceu na Olimpíada,RR,0.0,0.0,0.0,0.0,0.0
Aconteceu na Olimpíada,SC,0.0,0.0,0.0,0.0,0.0
Aconteceu na Olimpíada,SE,0.0,0.0,0.0,0.0,0.0
Aconteceu na Olimpíada,TO,0.0,0.0,0.0,0.0,0.0
Aconteceu num Carnaval,AC,0.0,0.0,0.0,0.0,0.0
Aconteceu num Carnaval,AL,0.0,0.0,0.0,0.0,0.0
Aconteceu num Carnaval,AP,0.0,0.0,0.0,0.0,0.0
Aconteceu num Carnaval,AM,0.0,0.0,0.0,0.0,0.0
Aconteceu num Carnaval,CE,0.0,0.0,0.0,0.0,0.0
Aconteceu num Carnaval,GO,0.0,0.0,0.0,0.0,0.0
Aconteceu num Carnaval,MA,0.0,0.0,0.0,0.0,0.0
Aconteceu num Carnaval,MT,0.0,0.0,0.0,0.0,0.0
Aconteceu num Carnaval,MS,0.0,0.0,0.0,0.0,0.0
Aconteceu num Carnaval,PA,0.0,0.0,0.0,0.0,0.0
Aconteceu num Carnaval,PB,0.0,0.0,0.0,0.0,0.0
Aconteceu num Carnaval,PR,0.0,0.0,0.0,0.0,0.0
Aconteceu num Carnaval,PE,0.0,0.0,0.0,0.0,0.0
Aconteceu num Carnaval,PI,0.0,0.0,0.0,0.0,0.0
Aconteceu num Carnaval,RS,0.0,0.0,0.0,0.0,0.0
Aconteceu num Carnaval,RO,0.0,0.0,0.0,0.0,0.0
Aconteceu num Carnaval,RR,0.0,0.0,0.0,0.0,0.0
Aconteceu num Carnaval,SE,0.0,0.0,0.0,0.0,0.0
Carta para uma Mãe,AC,0.0,0.0,0.0,0.0,0.0
Carta para uma Mãe,AL,0.0,0.0,0.0,0.0,0.0
Carta para uma Mãe,AP,0.0,0.0,0.0,0.0,0.0
Carta para uma Mãe,AM,0.0,0.0,0.0,0.0,0.0
Carta para uma Mãe,CE,0.0,0.0,0.0,0.0,0.0
Carta para uma Mãe,GO,0.0,0.0,0.0,0.0,0.0
Carta para uma Mãe,MS,0.0,0.0,0.0,0.0,0.0
Carta para uma Mãe,PA,0.0,0.0,0.0,0.0,0.0
Carta para uma Mãe,PI,0.0,0.0,0.0,0.0,0.0
Carta para uma Mãe,RN,0.0,0.0,0.0,0.0,0.0
Carta para uma Mãe,RS,0.0,0.0,0.0,0.0,0.0
Carta para uma Mãe,RR,0.0,0.0,0.0,0.0,0.0
Carta para uma Mãe,SE,0.0,0.0,0.0,0.0,0.0
Centenario Millor,AC,0.0,0.0,0.0,0.0,0.0
Centenario Millor,AL,0.0,0.0,0.0,0.0,0.0
Centenario Millor,AM,0.0,0.0,0.0,0.0,0.0
Centenario Millor,BA,0.0,0.0,0.0,0.0,0.0
Centenario Millor,DF,0.0,0.0,0.0,0.0,0.0
Centenario Millor,ES,0.0,0.0,0.0,0.0,0.0
Centenario Millor,GO,0.0,0.0,0.0,0.0,0.0
Centenario Millor,MS,0.0,0.0,0.0,0.0,0.0
Centenario Millor,PA,0.0,0.0,0.0,0.0,0.0
Centenario Millor,PB,0.0,0.0,0.0,0.0,0.0
Centenario Millor,PE,0.0,0.0,0.0,0.0,0.0
Centenario Millor,PI,0.0,0.0,0.0,0.0,0.0
Centenario Millor,RO,0.0,0.0,0.0,0.0,0.0
Centenario Millor,RR,0.0,0.0,0.0,0.0,0.0
Centenario Millor,SE,0.0,0.0,0.0,0.0,0.0
Centenario Millor,TO,0.0,0.0,0.0,0.0,0.0
Centenário do Dia da Criança,AC,0.0,0.0,0.0,0.0,0.0
Centenário do Dia da Criança,AL,0.0,0.0,0.0,0.0,0.0
Centenário do Dia da Criança,AP,0.0,0.0,0.0,0.0,0.0
Centenário do Dia da Criança,AM,0.0,0.0,0.0,0.0,0.0
Centenário do Dia da Criança,CE,0.0,0.0,0.0,0.0,0.0
Centenário do Dia da Criança,DF,0.0,0.0,0.0,0.0,0.0
Centenário do Dia da Criança,ES,0.0,0.0,0.0,0.0,0.0
Centenário do Dia da Criança,GO,0.0,0.0,0.0,0.0,0.0
Centenário do Dia da Criança,MA,0.0,0.0,0.0,0.0,0.0
Centenário do Dia da Criança,MS,0.0,0.0,0.0,0.0,0.0
Centenário do Dia da Criança,PA,0.0,0.0,0.0,0.0,0.0
Centenário do Dia da Criança,PB,0.0,0.0,0.0,0.0,0.0
Centenário do Dia da Criança,PR,0.0,0.0,0.0,0.0,0.0
Centenário do Dia da Criança,PE,0.0,0.0,0.0,0.0,0.0
Centenário do Dia da Criança,PI,0.0,0.0,0.0,0.0,0.0
Centenário do Dia da Criança,RO,0.0,0.0,0.0,0.0,0.0
Centenário do Dia da Criança,RR,0.0,0.0,0.0,0.0,0.0
Centenário do Dia da Criança,SE,0.0,0.0,0.0,0.0,0.0
Clima Extremo,AL,0.0,0.0,0.0,0.0,0.0
Clima Extremo,AP,0.0,0.0,0.0,0.0,0.0
Clima Extremo,AM,0.0,0.0,0.0,0.0,0.0
Clima Extremo,BA,0.0,0.0,0.0,0.0,0.0
Clima Extremo,CE,0.0,0.0,0.0,0.0,0.0
Clima Extremo,ES,0.0,0.0,0.0,0.0,0.0
Clima Extremo,GO,0.0,0.0,0.0,0.0,0.0
Clima Extremo,MA,0.0,0.0,0.0,0.0,0.0
Clima Extremo,MS,0.0,0.0,0.0,0.0,0.0
Clima Extremo,PA,0.0,0.0,0.0,0.0,0.0
Clima Extremo,PB,0.0,0.0,0.0,0.0,0.0
Clima Extremo,PE,0.0,0.0,0.0,0.0,0.0
Clima Extremo,PI,0.0,0.0,0.0,0.0,0.0
Clima Extremo,RO,0.0,0.0,0.0,0.0,0.0
Clima Extremo,RR,0.0,0.0,0.0,0.0,0.0
Clima Extremo,SE,0.0,0.0,0.0,0.0,0.0
Contos de Mistério e Suspense,AC,0.0,0.0,0.0,0.0,0.0
Contos de Mistério e Suspense,AL,0.0,0.0,0.0,0.0,0.0
Contos de Mistério e Suspense,AP,0.0,0.0,0.0,0.0,0.0
Contos de Mistério e Suspense,AM,0.0,0.0,0.0,0.0,0.0
Contos de Mistério e Suspense,CE,0.0,0.0,0.0,0.0,0.0
Contos de Mistério e Suspense,GO,0.0,0.0,0.0,0.0,0.0
Contos de Mistério e Suspense,MA,0.0,0.0,0.0,0.0,0.0
Contos de Mistério e Suspense,MT,0.0,0.0,0.0,0.0,0.0
Contos de Mistério e Suspense,MS,0.0,0.0,0.0,0.0,0.0
Contos de Mistério e Suspense,PA,0.0,0.0,0.0,0.0,0.0
Contos de Mistério e Suspense,PB,0.0,0.0,0.0,0.0,0.0
Contos de Mistério e Suspense,PI,0.0,0.0,0.0,0.0,0.0
Contos de Mistério e Suspense,RN,0.0,0.0,0.0,0.0,0.0
Contos de Mistério e Suspense,RO,0.0,0.0,0.0,0.0,0.0
Contos de Mistério e Suspense,RR,0.0,0.0,0.0,0.0,0.0
Contos de Mistério e Suspense,SE,0.0,0.0,0.0,0.0,0.0
Lembranças de Família,AC,0.0,0.0,0.0,0.0,0.0
Lembranças de Família,AL,0.0,0.0,0.0,0.0,0.0
Lembranças de Família,AP,0.0,0.0,0.0,0.0,0.0
Lembranças de Família,AM,0.0,0.0,0.0,0.0,0.0
Lembranças de Família,GO,0.0,0.0,0.0,0.0,0.0
Lembranças de Família,MT,0.0,0.0,0.0,0.0,0.0
Lembranças de Família,PA,0.0,0.0,0.0,0.0,0.0
Lembranças de Família,RO,0.0,0.0,0.0,0.0,0.0
Lembranças de Família,RR,0.0,0.0,0.0,0.0,0.0
Lembranças de Família,SE,0.0,0.0,0.0,0.0,0.0
"Livros, Autores e Estilos",AC,0.0,0.0,0.0,0.0,0.0
"Livros, Autores e Estilos",AL,0.0,0.0,0.0,0.0,0.0
"Livros, Autores e Estilos",AP,0.0,0.0,0.0,0.0,0.0
"Livros, Autores e Estilos",AM,0.0,0.0,0.0,0.0,0.0
"Livros, Autores e Estilos",CE,0.0,0.0,0.0,0.0,0.0
"Livros, Autores e Estilos",GO,0.0,0.0,0.0,0.0,0.0
"Livros, Autores e Estilos",MA,0.0,0.0,0.0,0.0,0.0
"Livros, Autores e Estilos",MT,0.0,0.0,0.0,0.0,0.0
"Livros, Autores e Estilos",MS,0.0,0.0,0.0,0.0,0.0
"Livros, Autores e Estilos",PA,0.0,0.0,0.0,0.0,0.0
"Livros, Autores e Estilos",PR,0.0,0.0,0.0,0.0,0.0
"Livros, Autores e Estilos",PE,0.0,0.0,0.0,0.0,0.0
"Livros, Autores e Estilos",PI,0.0,0.0,0.0,0.0,0.0
"Livros, Autores e Estilos",RJ,0.0,0.0,0.0,0.0,0.0
"Livros, Autores e Estilos",RS,0.0,0.0,0.0,0.0,0.0
"Livros, Autores e Estilos",RO,0.0,0.0,0.0,0.0,0.0
"Livros, Autores e Estilos",RR,0.0,0.0,0.0,0.0,0.0
"Livros, Autores e Estilos",SC,0.0,0.0,0.0,0.0,0.0
"Livros, Autores e Estilos",SE,0.0,0.0,0.0,0.0,0.0
Meu Escritor Favorito,AC,0.0,0.0,0.0,0.0,0.0
Meu Escritor Favorito,AL,0.0,0.0,0.0,0.0,0.0
Meu Escritor Favorito,AM,0.0,0.0,0.0,0.0,0.0
Meu Escritor Favorito,CE,0.0,0.0,0.0,0.0,0.0
Meu Escritor Favorito,DF,0.0,0.0,0.0,0.0,0.0
Meu Escritor Favorito,GO,0.0,0.0,0.0,0.0,0.0
Meu Escritor Favorito,PA,0.0,0.0,0.0,0.0,0.0
Meu Escritor Favorito,PB,0.0,0.0,0.0,0.0,0.0
Meu Escritor Favorito,PE,0.0,0.0,0.0,0.0,0.0
Meu Escritor Favorito,PI,0.0,0.0,0.0,0.0,0.0
Meu Escritor Favorito,RN,0.0,0.0,0.0,0.0,0.0
Meu Escritor Favorito,RO,0.0,0.0,0.0,0.0,0.0
Meu Escritor Favorito,RR,0.0,0.0,0.0,0.0,0.0
Meu Escritor Favorito,SE,0.0,0.0,0.0,0.0,0.0
Meu Escritor Favorito,TO,0.0,0.0,0.0,0.0,0.0
Natal dos Sonhos,AC,0.0,0.0,0.0,0.0,0.0
Natal dos Sonhos,AL,0.0,0.0,0.0,0.0,0.0
Natal dos Sonhos,AP,0.0,0.0,0.0,0.0,0.0
Natal dos Sonhos,AM,0.0,0.0,0.0,0.0,0.0
Natal dos Sonhos,CE,0.0,0.0,0.0,0.0,0.0
Natal dos Sonhos,DF,0.0,0.0,0.0,0.0,0.0
Natal dos Sonhos,GO,0.0,0.0,0.0,0.0,0.0
Natal dos Sonhos,MS,0.0,0.0,0.0,0.0,0.0
Natal dos Sonhos,PA,0.0,0.0,0.0,0.0,0.0
Natal dos Sonhos,PB,0.0,0.0,0.0,0.0,0.0
Natal dos Sonhos,PE,0.0,0.0,0.0,0.0,0.0
Natal dos Sonhos,PI,0.0,0.0,0.0,0.0,0.0
Natal dos Sonhos,RO,0.0,0.0,0.0,0.0,0.0
Natal dos Sonhos,RR,0.0,0.0,0.0,0.0,0.0
Natal dos Sonhos,SE,0.0,0.0,0.0,0.0,0.0
Nossos Dons,AC,0.0,0.0,0.0,0.0,0.0
Nossos Dons,AL,0.0,0.0,0.0,0.0,0.0
Nossos Dons,AP,0.0,0.0,0.0,0.0,0.0
Nossos Dons,AM,0.0,0.0,0.0,0.0,0.0
Nossos Dons,CE,0.0,0.0,0.0,0.0,0.0
Nossos Dons,DF,0.0,0.0,0.0,0.0,0.0
Nossos Dons,ES,0.0,0.0,0.0,0.0,0.0
Nossos Dons,GO,0.0,0.0,0.0,0.0,0.0
Nossos Dons,MA,0.0,0.0,0.0,0.0,0.0
Nossos Dons,MT,0.0,0.0,0.0,0.0,0.0
Nossos Dons,MS,0.0,0.0,0.0,0.0,0.0
Nossos Dons,PA,0.0,0.0,0.0,0.0,0.0
Nossos Dons,PB,0.0,0.0,0.0,0.0,0.0
Nossos Dons,PE,0.0,0.0,0.0,0.0,0.0
Nossos Dons,PI,0.0,0.0,0.0,0.0,0.0
Nossos Dons,RS,0.0,0.0,0.0,0.0,0.0
Nossos Dons,RO,0.0,0.0,0.0,0.0,0.0
Nossos Dons,RR,0.0,0.0,0.0,0.0,0.0
Nossos Dons,SE,0.0,0.0,0.0,0.0,0.0
Nossos Pais,AC,0.0,0.0,0.0,0.0,0.0
Nossos Pais,AL,0.0,0.0,0.0,0.0,0.0
Nossos Pais,AP,0.0,0.0,0.0,0.0,0.0
Nossos Pais,AM,0.0,0.0,0.0,0.0,0.0
Nossos Pais,BA,0.0,0.0,0.0,0.0,0.0
Nossos Pais,CE,0.0,0.0,0.0,0.0,0.0
Nossos Pais,GO,0.0,0.0,0.0,0.0,0.0
Nossos Pais,MA,0.0,0.0,0.0,0.0,0.0
Nossos Pais,PA,0.0,0.0,0.0,0.0,0.0
Nossos Pais,PB,0.0,0.0,0.0,0.0,0.0
Nossos Pais,PE,0.0,0.0,0.0,0.0,0.0
Nossos Pais,PI,0.0,0.0,0.0,0.0,0.0
Nossos Pais,RO,0.0,0.0,0.0,0.0,0.0
Nossos Pais,RR,0.0,0.0,0.0,0.0,0.0
Nossos Pais,SC,0.0,0.0,0.0,0.0,0.0
Nossos Pais,SE,0.0,0.0,0.0,0.0,0.0
Nossos Pais,TO,0.0,0.0,0.0,0.0,0.0
Racismo. Até quando,AC,0.0,0.0,0.0,0.0,0.0
Racismo. Até quando,AL,0.0,0.0,0.0,0.0,0.0
Racismo. Até quando,AP,0.0,0.0,0.0,0.0,0.0
Racismo. Até quando,AM,0.0,0.0,0.0,0.0,0.0
Racismo. Até quando,CE,0.0,0.0,0.0,0.0,0.0
Racismo. Até quando,DF,0.0,0.0,0.0,0.0,0.0
Racismo. Até quando,GO,0.0,0.0,0.0,0.0,0.0
Racismo. Até quando,MT,0.0,0.0,0.0,0.0,0.0
Racismo. Até quando,MS,0.0,0.0,0.0,0.0,0.0
Racismo. Até quando,PA,0.0,0.0,0.0,0.0,0.0
Racismo. Até quando,PB,0.0,0.0,0.0,0.0,0.0
Racismo. Até quando,PI,0.0,0.0,0.0,0.0,0.0
Racismo. Até quando,RS,0.0,0.0,0.0,0.0,0.0
Racismo. Até quando,RO,0.0,0.0,0.0,0.0,0.0
Racismo. Até quando,RR,0.0,0.0,0.0,0.0,0.0
Racismo. Até quando,SE,0.0,0.0,0.0,0.0,0.0
Racismo. Até quando,TO,0.0,0.0,0.0,0.0,0.0
Revisitando o Passado,AC,0.0,0.0,0.0,0.0,0.0
Revisitando o Passado,AL,0.0,0.0,0.0,0.0,0.0
Revisitando o Passado,AP,0.0,0.0,0.0,0.0,0.0
Revisitando o Passado,AM,0.0,0.0,0.0,0.0,0.0
Revisitando o Passado,MA,0.0,0.0,0.0,0.0,0.0
Revisitando o Passado,MT,0.0,0.0,0.0,0.0,0.0
Revisitando o Passado,PA,0.0,0.0,0.0,0.0,0.0
Revisitando o Passado,PR,0.0,0.0,0.0,0.0,0.0
Revisitando o Passado,PE,0.0,0.0,0.0,0.0,0.0
Revisitando o Passado,PI,0.0,0.0,0.0,0.0,0.0
Revisitando o Passado,RR,0.0,0.0,0.0,0.0,0.0
Saudade Eterna,AC,0.0,0.0,0.0,0.0,0.0
Saudade Eterna,AL,0.0,0.0,0.0,0.0,0.0
Saudade Eterna,AP,0.0,0.0,0.0,0.0,0.0
Saudade Eterna,AM,0.0,0.0,0.0,0.0,0.0
Saudade Eterna,MT,0.0,0.0,0.0,0.0,0.0
Saudade Eterna,PA,0.0,0.0,0.0,0.0,0.0
Saudade Eterna,PE,0.0,0.0,0.0,0.0,0.0
Saudade Eterna,PI,0.0,0.0,0.0,0.0,0.0
Saudade Eterna,RO,0.0,0.0,0.0,0.0,0.0
Saudade Eterna,RR,0.0,0.0,0.0,0.0,0.0
Saudade Eterna,SE,0.0,0.0,0.0,0.0,0.0
Segredos,AC,0.0,0.0,0.0,0.0,0.0
Segredos,AP,0.0,0.0,0.0,0.0,0.0
Segredos,CE,0.0,0.0,0.0,0.0,0.0
Segredos,GO,0.0,0.0,0.0,0.0,0.0
Segredos,MT,0.0,0.0,0.0,0.0,0.0
Segredos,MS,0.0,0.0,0.0,0.0,0.0
Segredos,PA,0.0,0.0,0.0,0.0,0.0
Segredos,PB,0.0,0.0,0.0,0.0,0.0
Segredos,PI,0.0,0.0,0.0,0.0,0.0
Segredos,RO,0.0,0.0,0.0,0.0,0.0
Segredos,RR,0.0,0.0,0.0,0.0,0.0
Segredos,SE,0.0,0.0,0.0,0.0,0.0
Segredos,TO,0.0,0.0,0.0,0.0,0.0
Simplesmente Amor,AC,0.0,0.0,0.0,0.0,0.0
Simplesmente Amor,AL,0.0,0.0,0.0,0.0,0.0
Simplesmente Amor,AP,0.0,0.0,0.0,0.0,0.0
Simplesmente Amor,AM,0.0,0.0,0.0,0.0,0.0
Simplesmente Amor,GO,0.0,0.0,0.0,0.0,0.0
Simplesmente Amor,MS,0.0,0.0,0.0,0.0,0.0
Simplesmente Amor,PA,0.0,0.0,0.0,0.0,0.0
Simplesmente Amor,PB,0.0,0.0,0.0,0.0,0.0
Simplesmente Amor,PI,0.0,0.0,0.0,0.0,0.0
Simplesmente Amor,RS,0.0,0.0,0.0,0.0,0.0
Simplesmente Amor,RO,0.0,0.0,0.0,0.0,0.0
Simplesmente Amor,RR,0.0,0.0,0.0,0.0,0.0
Simplesmente Amor,SE,0.0,0.0,0.0,0.0,0.0
Todas as Formas de Amor,AC,0.0,0.0,0.0,0.0,0.0
Todas as Formas de Amor,AL,0.0,0.0,0.0,0.0,0.0
Todas as Formas de Amor,AP,0.0,0.0,0.0,0.0,0.0
Todas as Formas de Amor,AM,0.0,0.0,0.0,0.0,0.0
Todas as Formas de Amor,CE,0.0,0.0,0.0,0.0,0.0
Todas as Formas de Amor,GO,0.0,0.0,0.0,0.0,0.0
Todas as Formas de Amor,MA,0.0,0.0,0.0,0.0,0.0
Todas as Formas de Amor,MS,0.0,0.0,0.0,0.0,0.0
Todas as Formas de Amor,PA,0.0,0.0,0.0,0.0,0.0
Todas as Formas de Amor,PB,0.0,0.0,0.0,0.0,0.0
Todas as Formas de Amor,PE,0.0,0.0,0.0,0.0,0.0
Todas as Formas de Amor,PI,0.0,0.0,0.0,0.0,0.0
Todas as Formas de Amor,RR,0.0,0.0,0.0,0.0,0.0
Todas as Formas de Amor,SC,0.0,0.0,0.0,0.0,0.0
